{"brokenpowerlaw.refer": 5690.0, "brokenpowerlaw.ampl": 73.43703295257059, "brokenpowerlaw.index1": -1.2364491259202226, "brokenpowerlaw.index2": 0.16525070262657254, "br.amp_Heps_3970": 22.23211076470047, "br.amp_Hd_4102": 20.229840420495496, "br.amp_Hg_4340": 30.026156319668704, "br.amp_Hb_4861": 72.8459173534119, "br.amp_Ha_6563": 94.94099246919234, "br.offs_kms": 229.44313580509964, "br.fwhm": 4230.288312356803, "nr_OIII5007.ampl": 306.69954594323536, "nr_OIII5007.offs_kms": 0.0, "nr_OIII5007.fwhm": 900.0, "nr_NII6584.ampl": 255.29584991558005, "nr_[OII]_3726.ampl": 2.1137950252127293, "nr_[OII]_3728.ampl": 2.11379502521273, "nr_[NeIII]_3868.ampl": 500.0, "nr_[OIII]_4363.ampl": 30.53800939552427, "nr_[OI]_6300.ampl": 10.728436003919143, "nr_[OI]_6363.ampl": 26.066187420628186, "nr_[SII]_6716.ampl": 33.974697027479905, "nr_[SII]_6730.ampl": 36.01263287296768, "nr_[OII]_7330.ampl": 2.11379502521273, "nr_Heps_3970.ampl": 23.20703480710872, "nr_Hd_4101.ampl": 35.97353786114806, "nr_Hg_4340.ampl": 56.83523256615159, "nr_Hb_4861.ampl": 113.63597176431914, "nr_Ha_6562.ampl": 409.87864943417117, "he.amp_HeI_4144": 0.0, "he.amp_HeI_4471": 1.2812353872795685, "he.amp_HeII_4686": 9.764786443258027, "he.amp_HeI_5877": 12.475540555259904, "he.amp_HeI_7065": 4.30320436248987, "he.amp_HeI_7281": 0.0, "he.amp_HeI_7816": 2.11379502521273, "he.offs_kms": 50.77296836452614, "he.fwhm": 5000.0, "NII6548.ampl": 33.4892425574061, "NII6548.offs_kms": 1061.9459753257204, "NII6548.fwhm": 8356.190411244921, "NII6583.ampl": 0.0, "NII6583.offs_kms": 300.0, "NII6583.fwhm": 900.0, "FeI4685.ampl": 49.450376004524955, "FeI4685.offs_kms": -40.93500701332453, "FeI4685.fwhm": 552.8785716115942, "FeI5717.ampl": 34.53704782682955, "FeI5717.offs_kms": -11.479727628866117, "FeI5717.fwhm": 596.2238416953116, "FeI6081.ampl": 50.75389452549802, "FeI6081.offs_kms": 18.741337170464462, "FeI6081.fwhm": 658.1532022856018, "feii.amp_a2D2": 0.027036203824994023, "feii.amp_a4G": 7.991853208048342, "feii.amp_a4H": 0.0, "feii.amp_a6S": 0.5653151537238309, "feii.amp_b2H": 2.6355042638563053, "feii.amp_b4D": 0.0, "feii.amp_b4F": 7.4093410582953085, "feii.amp_b4P": 0.0, "feii.amp_e4D": 2.11379502521273, "feii.amp_e6D": 2.11379502521273, "feii.amp_z4D": 4.598327969949216, "feii.amp_z4F": 4.243345084155568, "feii.amp_z4P": 2.11379502521273, "feii.amp_y4G": 2.1254603241119465, "feii.amp_b4G": 0.0, "feii.amp_x4D": 4.237503554894705, "feii.amp_y4P": 0.9072357998618034, "feii.offs_kms": 46.922877458361384, "feii.fwhm": 2000.0}